,ref,alt,maf,maf_allele
rs1000597,T,C,0.11210,alt
rs10010131,A,G,0.1047,ref
rs1001179,C,T,0.02990,alt
rs10033900,T,C,0.3787,alt
rs10034228,T,C,0.4319,alt
rs10036748,C,T,0.2558,ref
rs10037512,T,C,0.4136,ref
rs10052657,C,A,0.1163,alt
rs10069690,C,T,0.1595,alt
rs1007000,C,T,0.2027,alt
rs10076782,G,A,0.3904,alt
rs10086908,T,C,0.1944,alt
rs10088247,C,T,0.1944,ref
rs10090154,T,C,0.1346,ref
rs10114470,T,C,0.4701,alt
rs1011970,G,T,0.1296,alt
rs10128556,C,T,0.1329,alt
rs1015213,C,T,0.01661,alt
rs10157197,G,A,0.2558,ref
rs10160804,C,A,0.4917,alt
rs1016343,C,T,0.3073,alt
rs10165485,T,C,0.1728,alt
rs10168266,C,T,0.3488,alt
rs1018326,T,C,0.2625,ref
rs10192566,C,G,0.1827,alt
rs10229583,G,A,0.1478,alt
rs1024161,T,C,0.3671,alt
rs1026364,G,T,0.3439,alt
rs10273639,T,C,0.2259,alt
rs10306114,A,G,0,alt
rs103294,C,T,0.4950,alt
rs1033667,C,T,0.2525,alt
rs1034589,C,T,0.1213,ref
rs10411210,C,T,0.1927,alt
rs10411619,T,C,0,alt
rs10416218,T,C,0.4834,ref
rs1041981,C,A,0.5,alt
rs1042026,T,C,0.1944,ref
rs1042522,G,C,0.4402,ref
rs1042602,C,A,0.001661,alt
rs1042636,A,G,0.4701,ref
rs1042713,G,A,0.4203,ref
rs1042714,G,C,0.08472,ref
rs1042725,C,T,0.1678,ref
rs10427255,C,T,0.4402,ref
rs1042858,G,A,0.2625,ref
rs10429035,G,A,0.1877,alt
rs10448080,T,C,0.3439,alt
rs1045642,A,G,0.3671,ref
rs10460436,G,A,0.4452,alt
rs10462706,C,T,0.3721,alt
rs1047286,G,A,0.003322,alt
rs10474352,C,T,0.4668,alt
rs1047781,A,T,0.4086,alt
rs10484560,G,A,0.07807,alt
rs10484761,T,C,0.1296,alt
rs10489177,T,G,0.1645,alt
rs10489202,G,T,0.1362,alt
rs104894275,A,G,,
rs104894276,C,T,0.003322,alt
rs104894277,G,A,,
rs104894280,G,A,0.001661,alt
rs1048943,T,C,0.2658,alt
rs104894398,C,A,,
rs1048990,C,G,0.3821,alt
rs10490924,G,T,0.4037,alt
rs10491327,C,T,0.04319,alt
rs10492336,A,C,0.2067,ref
rs1049346,G,A,0.40110,ref
rs10500565,C,T,0,alt
rs1050450,G,A,0.06478,alt
rs1050565,T,C,0.1761,alt
rs10507522,A,G,0.2658,alt
rs1050828,C,T,0,alt
rs1050829,T,C,0,alt
rs10508372,G,A,0.3372,ref
rs1050976,C,T,0.2973,alt
rs1051168,G,T,0.1561,alt
rs10512248,T,G,0.3405,alt
rs10513137,G,A,0.2375,alt
rs1051375,G,A,0.3704,ref
rs10513801,T,G,0.07143,alt
rs10515552,T,C,0.1429,alt
rs1051730,G,A,0.03156,alt
rs10519302,A,G,0.30310,alt
rs1053004,G,A,0.3771,ref
rs1053051,T,C,0.40110,ref
rs1056892,G,A,0.4086,alt
rs1057910,A,C,0.03821,alt
rs1058164,C,G,0.2458,alt
rs1058319,C,T,0.3455,ref
rs1060573,A,G,0.2791,alt
rs1061235,A,T,0.08804,alt
rs1061622,T,G,0.1678,alt
rs1063192,G,A,0.1860,ref
rs1064395,G,A,0.10710,alt
rs1064651,C,G,,
rs1065852,G,A,0.3854,ref
rs10733310,T,G,0.3887,ref
rs10739221,T,C,0.4402,alt
rs10743108,G,C,0.1944,ref
rs10750097,G,A,0.40110,ref
rs10757272,C,T,0.3405,ref
rs10757274,A,G,0.4917,ref
rs10757278,A,G,0.4734,ref
rs10759243,C,A,0.4585,alt
rs10761362,A,G,0.02159,ref
rs10771399,A,G,0.1777,alt
rs10774214,T,C,0.30310,ref
rs10781182,T,G,0.4834,ref
rs10794532,T,C,0.4186,ref
rs10795668,G,A,0.3538,alt
rs10798036,C,G,0.3854,ref
rs10800746,C,T,0.2392,alt
rs10806425,C,A,0.08306,alt
rs1080985,C,G,0.09136,ref
rs10811661,T,C,0.4352,alt
rs10818854,G,A,0.05648,alt
rs10821944,G,T,0.2658,ref
rs10822013,C,T,0.4867,alt
rs10823607,T,C,0.09302,ref
rs10830962,C,G,0.4369,alt
rs10830963,C,G,0.4286,alt
rs10842262,G,C,0.3738,ref
rs10845606,C,A,0.3056,alt
rs10847697,G,A,0.2193,alt
rs10849432,C,T,0.1728,ref
rs10850219,G,C,0.04485,alt
rs10858250,A,G,0.2492,alt
rs10859871,A,C,0.2409,alt
rs10865331,A,G,0.4934,ref
rs10873876,T,C,0.30310,ref
rs10876864,G,A,0.2159,ref
rs10885122,T,G,0.06478,ref
rs10886471,C,T,0.2243,alt
rs10888501,G,A,0.4153,ref
rs10889353,A,C,0.1894,alt
rs10892258,G,A,0.20010,alt
rs10893872,T,C,0.4385,ref
rs10903122,A,G,0.30310,ref
rs10906115,A,G,0.3621,alt
rs10911021,C,T,0.2874,alt
rs10911390,C,T,0.1262,alt
rs10922109,C,A,0.4452,alt
rs10923931,G,T,0.04319,alt
rs10927875,C,T,0.01163,alt
rs10929302,G,A,0.1246,alt
rs10931936,T,C,0.3206,ref
rs10932125,C,G,0.3804,alt
rs10936599,C,T,0.4286,ref
rs10937273,G,A,0.3937,alt
rs10937405,C,T,0.3289,alt
rs10941679,A,G,0.4983,ref
rs10946398,A,C,0.3870,alt
rs10947262,C,T,0.2658,alt
rs10948347,T,C,0.41110,ref
rs10965235,C,A,0.1595,alt
rs10980705,C,T,0.2542,alt
rs10985349,C,T,0.2890,alt
rs10986105,T,G,0.04817,alt
rs10993994,T,C,0.4618,ref
rs10994415,T,C,0.2608,alt
rs10995245,G,A,0.2392,alt
rs10995251,C,T,0.3671,ref
rs11005497,A,C,0.1096,alt
rs11021504,T,A,0.4635,ref
rs11023787,C,T,0.4884,alt
rs11024102,T,C,0.3621,alt
rs11030104,A,G,0.4934,ref
rs11031731,G,A,0.07309,alt
rs11038167,A,C,0.3953,ref
rs11038172,A,G,0.4103,ref
rs11041683,G,A,0.41110,alt
rs11046205,G,A,0.1279,alt
rs11057830,G,A,0.1179,alt
rs11065756,C,T,0.2143,alt
rs11065783,A,G,0.2708,alt
rs11066001,T,C,0.1611,alt
rs11066105,C,T,0,alt
rs11066280,T,A,0.2093,alt
rs11067763,A,G,0.3721,alt
rs11073058,G,T,0.4601,alt
rs11075995,A,T,0.3455,ref
rs11080055,A,C,0.2724,ref
rs11082671,A,G,0.2392,ref
rs11100479,C,T,0.1944,ref
rs111033196,C,T,0,alt
rs111033204,AT,-,,
rs111033220,C,T,0,alt
rs111033305,G,A,,
rs111033307,T,G,,
rs111033313,A,G,,
rs111033318,T,A,,
rs111033401,C,T,,
rs1110701,A,G,0.1246,alt
rs11107116,G,T,0.2890,alt
rs1111875,C,T,0.2841,ref
rs11142387,A,C,0.3754,alt
rs11145951,T,C,0.1894,alt
rs1116357,A,G,0.2708,alt
rs11169552,C,T,0.4053,alt
rs11170624,G,T,0.2807,alt
rs11171739,C,T,0.2243,ref
rs1117707,A,G,0.3654,alt
rs11190870,T,C,0.4867,alt
rs11191548,T,C,0.2774,alt
rs11191580,T,C,0.2757,alt
rs11195128,C,T,0.1445,alt
rs11196172,G,A,0.3704,ref
rs11199914,C,T,0.3987,alt
rs11204213,C,T,0.04153,alt
rs11204971,A,G,0.40110,ref
rs11205277,A,G,0.3422,alt
rs11206226,A,G,0.10710,alt
rs11206510,T,C,0.04319,alt
rs11208305,G,C,0.04817,alt
rs11216126,A,C,0.21010,alt
rs11218343,T,C,0.2774,alt
rs1121980,G,A,0.1927,alt
rs11221332,C,T,0.06478,alt
rs11235604,C,T,0.1113,alt
rs11240572,C,A,0.1777,alt
rs11249433,A,G,0.02492,alt
rs11265260,A,G,0.1578,alt
rs1127354,C,A,0.1744,alt
rs112754928,G,A,0.02492,alt
rs1130534,T,A,0.2525,alt
rs113994095,C,T,0,alt
rs113994097,C,G,,
rs113994098,C,T,0,alt
rs114092250,G,A,0,alt
rs1141718,A,G,,
rs1142,C,T,0.3937,alt
rs1142345,T,C,0.02159,alt
rs1143679,G,A,0.01827,alt
rs11539086,C,G,0.001661,alt
rs1154155,T,G,0.4402,ref
rs11549465,C,T,0.03987,alt
rs11556218,T,G,0.1628,alt
rs11556924,C,T,0.05482,alt
rs11574311,T,C,0.1113,alt
rs1159268,G,A,0.4817,alt
rs11593576,C,T,0.1927,alt
rs11598564,G,A,0.4784,alt
rs11604680,A,G,0.2359,alt
rs11605924,A,C,0.2708,alt
rs1160985,C,T,0.3322,alt
rs11615,A,G,0.2492,ref
rs11634397,A,G,0.08638,alt
rs11640439,G,A,0.1860,alt
rs11648796,A,G,0.2027,ref
rs11649743,G,A,0.3505,alt
rs11668344,A,G,0.09801,alt
rs1166861,A,G,0.3488,ref
rs11671664,G,A,0.3555,alt
rs1167796,A,G,0.3206,ref
rs116855232,C,T,0.1163,alt
rs1169310,G,A,0.4369,alt
rs11694842,A,G,0.081310,alt
rs11697325,G,A,0.02990,alt
rs117026326,C,T,0.07973,alt
rs11708067,A,G,0.004983,alt
rs11712165,T,G,0.3156,alt
rs11717455,T,C,0.04983,alt
rs11722228,C,T,0.2774,alt
rs1172294,A,G,0.4884,alt
rs11726117,T,C,0.2924,ref
rs117385606,G,A,0.008306,alt
rs11746443,G,A,0.1329,alt
rs11748327,C,T,0.1312,alt
rs11752643,C,T,0.003322,alt
rs11755164,T,C,0.10710,ref
rs117601636,A,G,0.07807,alt
rs117633859,A,G,0.10710,alt
rs11787792,G,A,0.04817,ref
rs11805303,C,T,0.4734,ref
rs11806638,C,A,0.02824,alt
rs118092776,C,T,0.006645,alt
rs11833579,G,A,0.3306,alt
rs1183910,G,A,0.3439,alt
rs11842874,A,G,0.1545,alt
rs11851414,T,C,0.006645,alt
rs11875687,T,C,0.2890,alt
rs11884770,T,C,0.2176,ref
rs11887534,G,C,0.01495,alt
rs11889341,C,T,0.3505,alt
rs11900673,C,T,0.1777,alt
rs11902138,C,T,0.3754,ref
rs11903757,T,C,0.06811,alt
rs119103229,G,A,,
rs11911275,A,G,0.4684,alt
rs11920090,T,A,0.01163,alt
rs1192201,G,A,0.2625,ref
rs1192415,G,A,0.1346,ref
rs1192691,G,T,0.3721,alt
rs11931074,G,T,0.4884,ref
rs11933944,G,T,0.05482,ref
rs11966200,C,T,0.02159,alt
rs11970475,G,A,0.09468,alt
rs11987678,T,C,0,alt
rs12000501,A,G,0.03488,alt
rs12010175,A,G,0.1661,ref
rs12019136,G,A,0.1528,alt
rs1202524,G,A,0.1113,ref
rs12050217,A,G,0.4203,alt
rs12068671,T,C,0.001661,alt
rs12085366,T,C,0.3422,alt
rs12097821,G,T,0.3322,alt
rs12101261,C,T,0.4037,ref
rs12118297,G,T,0.2608,alt
rs12139042,G,A,0.09302,alt
rs12142280,T,A,0.01163,alt
rs12190287,C,G,0.3887,alt
rs121907990,T,C,,
rs121907993,G,C,0,alt
rs121907994,G,A,,
rs121908362,A,G,0.001661,alt
rs121913059,C,T,,
rs12202969,G,A,0.4252,alt
rs12205363,T,C,0,alt
rs12219125,G,T,0.1163,alt
rs12229654,T,G,0.1661,alt
rs12229663,A,G,0.4136,alt
rs12248560,C,T,0.01661,alt
rs12272004,C,A,0,alt
rs12290811,T,A,0.09136,alt
rs12296850,A,G,0.2724,alt
rs1229984,T,C,0.2973,alt
rs1234315,C,T,0.4601,alt
rs12357257,G,A,0.04983,alt
rs12379034,A,G,0.2508,alt
rs12410416,T,C,0.2757,alt
rs12413361,G,T,0.3837,alt
rs12413409,G,A,0.2724,alt
rs12413624,T,A,0.3638,alt
rs12422552,G,C,0.3023,alt
rs12424086,T,C,0.06811,alt
rs12425791,G,A,0.2309,alt
rs12447690,C,T,0.2143,ref
rs12449858,G,A,0.1877,alt
rs12459943,G,A,0.2841,alt
rs12461589,C,T,0.2375,alt
rs12463617,A,C,0.09136,ref
rs12471454,T,C,0.3472,alt
rs12478601,C,T,0.2741,alt
rs12484776,A,G,0.2625,alt
rs12493607,G,C,0.2841,ref
rs12494314,T,C,0.3987,alt
rs1250552,A,G,0.2558,ref
rs12524865,C,A,0.4817,alt
rs12525220,G,A,0.04651,alt
rs12526453,C,G,0.001661,alt
rs12529514,T,C,0.2359,alt
rs12529935,C,T,0.1096,alt
rs12537,C,T,0.2292,alt
rs1254319,G,A,0.2857,ref
rs12549902,G,A,0.3638,alt
rs12567209,G,A,0.1910,alt
rs12571751,A,G,0.4319,alt
rs12593813,A,G,0.3920,alt
rs12597579,C,T,0.2641,alt
rs1260326,T,C,0.4884,ref
rs12603526,T,C,0.1811,alt
rs12610495,A,G,0.1462,alt
rs12612930,T,C,0.4302,ref
rs12614,C,T,0.03821,alt
rs12617656,T,C,0.3738,ref
rs12621278,A,G,0.3056,alt
rs12628403,A,C,0.3339,alt
rs12634229,T,C,0.3405,alt
rs1265181,G,C,0.03987,alt
rs12653946,C,T,0.3355,alt
rs12654264,A,T,0.4900,ref
rs1265883,C,A,0.1312,ref
rs12680655,C,G,,
rs12686004,G,A,0.1761,alt
rs12688220,C,T,0.4236,alt
rs12700667,G,A,0.1794,alt
rs12708980,T,G,0.1412,alt
rs12710696,T,C,0.2907,ref
rs12716641,T,C,0.2741,alt
rs12720461,C,T,0,alt
rs12720826,T,C,0,alt
rs12721054,A,G,0,alt
rs12721627,G,C,0,alt
rs12721629,G,A,0,alt
rs12722,C,T,0.2259,alt
rs12740374,G,T,0.03488,alt
rs12762303,T,C,0.1827,alt
rs12762549,C,G,0.4402,ref
rs1278769,A,G,0.2924,ref
rs12807809,T,C,0.30310,alt
rs12821008,C,T,0.4153,alt
rs12821256,T,C,0,alt
rs12822507,A,G,0.4468,alt
rs1286083,T,C,0.3638,alt
rs12901499,G,A,0.4468,alt
rs12904216,A,G,0.3754,alt
rs12913538,G,A,0.3937,ref
rs12913832,A,G,0.003322,alt
rs12917712,C,T,0.3289,alt
rs1292011,A,G,0.2375,alt
rs12928822,C,T,0.04319,alt
rs12934922,A,T,0.1312,alt
rs12945290,T,C,0.08472,alt
rs12946942,G,T,0.2625,alt
rs12970134,G,A,0.1595,alt
rs13003464,A,G,0.03987,alt
rs13020329,A,G,0.1412,alt
rs13041247,T,C,0.4236,alt
rs13042395,C,T,0.4485,alt
rs13065203,G,A,0.3272,alt
rs13068101,G,A,0.1329,alt
rs13072744,T,C,0.4967,alt
rs13096142,C,T,0.3007,alt
rs13098911,C,T,0.04817,alt
rs13117307,C,T,0.08638,alt
rs13119723,A,G,0,alt
rs13131350,A,G,0.2708,alt
rs13132308,A,G,0,alt
rs13132933,T,C,0.04817,alt
rs13143871,T,C,0.2276,alt
rs13146789,G,T,0.21010,alt
rs13151961,A,G,0,alt
rs13153971,T,C,0.31310,alt
rs131654,G,T,0.4551,ref
rs13192471,T,C,0.09302,alt
rs13194053,T,C,0.008306,alt
rs13202464,A,G,0.07475,alt
rs13210693,G,A,0.4767,alt
rs13211507,T,C,0,alt
rs1321311,C,A,0.1761,alt
rs13245690,A,G,0.1013,alt
rs13248513,T,C,0.1894,alt
rs13254738,C,A,0.30310,alt
rs1325598,A,G,0.2043,ref
rs13266634,C,T,0.4585,alt
rs13273123,A,G,0.07973,alt
rs13278062,G,T,0.3173,alt
rs13292136,C,T,0.08804,alt
rs13314993,G,T,0.4950,alt
rs1333042,A,G,0.3355,ref
rs1333048,A,C,0.4784,ref
rs13336428,G,A,0.2990,ref
rs13361707,C,T,0.4518,ref
rs13382811,C,T,0.2309,alt
rs13385731,T,C,0.1827,alt
rs13387042,A,G,0.09302,ref
rs13394619,G,A,0.4551,alt
rs13397,G,A,0.2874,ref
rs13405728,A,G,0.2392,alt
rs13429458,A,C,0.1827,alt
rs1353248,C,T,0.2342,alt
rs1359062,C,G,0.1777,ref
rs1359790,G,A,0.3007,alt
rs1373004,T,G,0.1711,ref
rs137852327,C,T,0.006645,alt
rs137852340,T,C,,
rs137852341,C,A,0.001661,alt
rs137852342,G,A,0.001661,alt
rs137852591,C,G,,
rs137853280,C,G,0,alt
rs137853284,G,C,,
rs137853287,-,G,,
rs1378938,T,C,0.3505,ref
rs1378942,C,A,0.1678,alt
rs1380703,A,G,0.4751,ref
rs138105638,G,A,,
rs1384236,C,T,0.04319,ref
rs138694505,T,C,0.01329,alt
rs138740,C,T,0.4950,ref
rs1393820,A,G,0.1528,ref
rs1397829,A,G,0.01827,ref
rs140647181,T,C,0,alt
rs1412444,C,T,0.3256,alt
rs1413299,G,T,0.4435,ref
rs1414334,C,G,0.01329,ref
rs1415701,G,A,0.3472,alt
rs1417210,G,A,0.3123,ref
rs1418190,C,T,0.4518,ref
rs141853578,C,T,,
rs1419881,G,A,0.4153,ref
rs1420101,C,T,0.4635,alt
rs142036701,G,T,0,alt
rs1426654,A,G,0.01661,ref
rs1430740,T,C,0.4684,alt
rs1432679,C,T,0.40110,alt
rs143383,A,G,0.2824,alt
rs1436953,C,T,0.3289,alt
rs1447295,A,C,0.1279,ref
rs1456988,G,T,0.4734,alt
rs146109287,T,C,0.1860,alt
rs1465618,T,C,0.2641,alt
rs146600671,G,A,,
rs146922325,C,T,0.01827,alt
rs1470579,A,C,0.2492,alt
rs147689733,C,T,0.001661,alt
rs147859257,T,G,0,alt
rs1478693,T,G,0.4751,alt
rs147952620,C,T,0,alt
rs148553336,T,C,0,alt
rs148611340,G,C,0,alt
rs148833559,C,A,0,alt
rs148934412,G,A,0,alt
rs1495965,C,T,0.4668,alt
rs1501908,G,C,0.2990,ref
rs1511412,A,G,0.01163,ref
rs151193009,C,T,0.01163,alt
rs1512268,T,C,0.2857,ref
rs1517114,C,G,0.1163,ref
rs151823,A,C,0.4369,ref
rs1531343,G,C,0.09635,alt
rs1537377,T,C,0.3007,alt
rs1538138,T,C,0.2691,ref
rs1539808,C,T,0.20010,alt
rs1540771,C,T,0.2492,alt
rs1541777,A,G,0.1279,alt
rs1544410,C,T,0.05316,alt
rs1546124,G,C,0.4336,alt
rs1547374,A,G,0.4568,alt
rs1551570,C,T,0.2874,ref
rs1552224,A,C,0.09302,alt
rs1558843,A,C,0.007042,ref
rs1558902,T,A,0.1462,alt
rs1562430,T,C,0.1811,alt
rs1564282,C,T,0.10210,alt
rs156429,T,C,0.2392,alt
rs1564981,G,A,0.2973,ref
rs1566045,T,C,0.1346,alt
rs1569699,T,G,0.4635,alt
rs1569723,C,A,0.4336,ref
rs1571878,C,T,0.4734,ref
rs1572072,G,T,0.2259,alt
rs1617640,C,A,0.2392,ref
rs1626340,G,A,0.4668,alt
rs163171,T,C,0.4169,ref
rs163184,T,G,0.4302,alt
rs1635,C,A,0.3738,alt
rs1642764,C,T,0.4153,ref
rs1656404,G,A,0.02326,alt
rs1659127,G,A,0.4336,ref
rs1663689,T,C,0.4635,alt
rs1667394,C,T,0.3056,alt
rs167770,G,A,0.30310,ref
rs16848425,C,T,0.2375,alt
rs16857609,C,T,0.4252,ref
rs16858082,T,C,0.3588,ref
rs16861329,C,T,0.2425,alt
rs16887244,A,G,0.3522,alt
rs16891982,C,G,0.006645,alt
rs16895802,C,G,0.1047,alt
rs16896923,T,C,0.2492,alt
rs16901979,C,A,0.2159,alt
rs16940186,T,C,0.2658,alt
rs16940212,G,T,0.2591,alt
rs16946160,G,A,0.2342,alt
rs16947,A,G,0.1429,ref
rs16948876,G,A,0.02990,alt
rs1695,A,G,0.1977,alt
rs16950303,A,G,0.2525,alt
rs16957913,T,C,0.2757,alt
rs16969681,C,T,0.3405,alt
rs16973225,A,C,0.1777,alt
rs16976358,T,C,0.2027,alt
rs16980426,T,G,,
rs16992204,T,C,0.1412,alt
rs16998073,A,T,0.3754,alt
rs16999165,A,G,0.2774,alt
rs17006292,C,A,0.02658,alt
rs17008493,T,A,0.1462,alt
rs1701704,T,G,0.1993,alt
rs170183,G,A,0.4236,alt
rs17026156,T,C,0.4784,ref
rs17030613,A,C,0.4385,alt
rs17035378,T,C,0.2641,ref
rs17040773,A,C,0.1728,alt
rs17044858,G,A,0.01329,alt
rs17070145,C,T,0.2475,ref
rs17071124,A,G,0,alt
rs17085007,T,C,0.2625,alt
rs17095830,A,G,0.1262,alt
rs17101923,G,T,0.1478,alt
rs17106184,G,A,0.09801,alt
rs17118,C,A,0.2874,alt
rs17145738,C,T,0.09801,alt
rs17152411,A,G,0.1561,alt
rs17173197,C,T,0.4967,ref
rs17179670,A,G,0.06811,alt
rs17190618,A,T,0.07973,alt
rs17231506,C,T,0.1860,alt
rs17242787,T,A,0,alt
rs17244841,A,T,0.003322,alt
rs17249754,G,A,0.2957,alt
rs17264332,A,G,0.001661,alt
rs1726866,G,A,0.3106,alt
rs1727313,C,G,0.02326,ref
rs17297851,G,A,0.009967,alt
rs17300539,G,A,0,alt
rs17356907,A,G,0.2608,alt
rs17366568,G,A,0.02159,alt
rs17376456,A,G,0.04319,alt
rs17401966,A,G,0.2907,alt
rs17450969,G,A,0.01163,alt
rs174537,G,T,0.4319,ref
rs174547,T,C,0.4336,ref
rs174549,G,A,0.4535,ref
rs174550,T,C,0.4336,ref
rs17457593,G,A,0.41110,ref
rs1746048,C,T,0.3123,alt
rs17465637,A,C,0.3837,ref
rs17513503,C,G,0.001661,alt
rs17563,A,G,0.3056,alt
rs17584499,C,T,0.1229,alt
rs17608059,C,T,0.4983,alt
rs176095,A,G,0.1944,alt
rs17653722,G,T,0.1229,alt
rs17706633,C,G,0.02492,alt
rs17728338,G,A,0.08306,alt
rs17728461,C,G,0.1860,alt
rs17744182,G,A,0.3455,alt
rs17761864,C,A,0.09801,alt
rs1776897,G,T,0.1246,ref
rs17782313,T,C,0.1578,alt
rs17810546,A,G,0,alt
rs17822931,C,T,0.2076,ref
rs17826816,A,G,0,alt
rs17827807,T,C,0.03654,alt
rs17863778,C,A,0.4734,alt
rs17868323,T,G,0.4734,alt
rs17868324,G,A,0.4734,alt
rs1794275,G,A,0.1462,alt
rs1795061,T,C,0.4867,alt
rs1799732,-,G,0.1146,alt
rs1799750,C,-,0.3472,alt
rs1799752,-,ATACAGTCACTTTTTTTTTTTTTTTGAGACGGAGTCTCGCTCTGTCGCCC,,
rs1799853,C,T,0.001661,alt
rs1799945,C,G,0.02658,alt
rs1799964,T,C,0.20510,alt
rs1799971,A,G,0.3605,alt
rs1799978,T,C,0.1944,alt
rs1799983,T,G,0.1379,ref
rs1800312,G,C,0,alt
rs1800371,G,A,0,alt
rs1800414,T,C,0.3937,ref
rs1800460,C,T,0,alt
rs1800462,C,G,0,alt
rs1800469,A,G,0.4402,alt
rs1800497,G,A,0.4086,alt
rs1800566,G,A,0.4286,alt
rs1800584,C,T,,
rs1800588,C,T,0.3588,alt
rs1800624,A,T,0.1213,alt
rs1800625,A,G,0.08970,alt
rs1800747,C,A,,
rs1800779,G,A,0.1262,ref
rs1800795,C,G,0,ref
rs1800813,G,A,0.2226,alt
rs1800872,T,G,0.3056,alt
rs1800955,T,C,0.4053,alt
rs1801019,G,C,0.1545,alt
rs1801131,T,G,0.2209,alt
rs1801133,G,A,0.3007,alt
rs1801176,G,A,,
rs1801252,A,G,0.1346,alt
rs1801253,G,C,0.2193,ref
rs1801260,A,G,0.07973,alt
rs1801274,A,G,0.3073,alt
rs1801282,C,G,0.02990,alt
rs1801394,A,G,0.2525,alt
rs1802295,C,T,0.10210,alt
rs1805007,C,T,0.001661,alt
rs1805094,G,C,0.03654,alt
rs1815739,T,C,0.4402,ref
rs1820453,C,A,0.2674,ref
rs182429,A,G,0.4618,alt
rs182549,C,T,0,alt
rs1828522,A,G,0.06146,alt
rs1837253,T,C,0.3870,alt
rs1842896,G,T,0.2658,ref
rs1845900,A,G,0.2126,alt
rs1852469,A,T,0.3239,alt
rs1854853,A,G,0.4701,alt
rs1858037,T,A,0.2309,ref
rs1860661,A,G,0.09136,ref
rs1861411,A,G,0.4585,ref
rs1864152,A,C,0.4518,alt
rs1865760,C,T,0.2525,ref
rs187060802,G,A,0.02159,alt
rs1871054,C,T,0.4136,alt
rs1871859,C,T,0.4967,ref
rs187238,C,G,0.1096,alt
rs1877455,C,T,0.3804,alt
rs1878526,G,A,0.3538,alt
rs1883025,C,T,0.2458,alt
rs1883414,G,A,0.1728,alt
rs1887320,G,A,0.4767,ref
rs1890995,G,A,0.3007,ref
rs1893217,A,G,0.2209,alt
rs1893592,A,C,0.2857,alt
rs1894116,A,G,0.1944,alt
rs1894406,C,T,0.4551,ref
rs1898671,C,T,0.04319,alt
rs1902859,T,C,0.3754,alt
rs1906953,C,T,0.4934,ref
rs191281603,C,G,0,alt
rs1913517,A,G,0.2940,ref
rs192366176,G,A,0,alt
rs1926872,T,C,0.4551,alt
rs1938679,C,T,0.4153,alt
rs1949200,A,T,0.2741,alt
rs1952706,C,T,0.4252,ref
rs1953558,T,C,0.3688,alt
rs195422,A,G,0.09801,ref
rs1954787,T,C,0.1960,ref
rs1964463,A,G,0.1611,alt
rs1965305,T,C,0.2159,alt
rs1971762,C,T,0.40610,alt
rs1975197,G,A,0.3106,alt
rs1980422,C,T,0.09967,ref
rs1982963,G,A,0.1429,ref
rs1990760,C,T,0.1711,alt
rs199475579,C,A,,
rs199475584,T,A,,
rs199475645,G,T,,
rs199475659,G,T,,
rs199475687,AAG,-,,
rs2000811,C,T,0.40110,alt
rs200455203,G,C,0,alt
rs200519781,T,-,0.009967,alt
rs200735402,C,T,0.004983,alt
rs200990725,C,T,0.004983,alt
rs201038679,G,A,,
rs2011425,T,G,0.2209,alt
rs2011962,A,C,0.1445,alt
rs201377835,C,G,0,alt
rs2014300,A,G,0.1146,ref
rs201503,G,C,0.1063,alt
rs201562855,A,T,0.001661,alt
rs2016520,C,T,0.2890,ref
rs201660407,A,G,,
rs202011870,A,C,0.001661,alt
rs2023532,G,A,0.1196,alt
rs2025804,G,A,0.1595,alt
rs2028299,C,A,0.2027,ref
rs2030519,G,A,0.3721,ref
rs2031920,C,T,0.20010,alt
rs2032582,A,C,0.4824,ref
rs2032583,A,G,0.051410,alt
rs2033562,G,C,0.4518,alt
rs2034650,G,A,0.2475,ref
rs2038823,G,T,0.05316,alt
rs20417,C,G,0.04983,alt
rs2043085,T,C,0.4668,ref
rs2046210,G,A,0.3904,alt
rs2048327,T,C,0.4668,alt
rs204993,A,G,0.40110,alt
rs204995,A,G,0.2126,alt
rs20541,A,G,0.3738,ref
rs2055979,C,A,0.3538,alt
rs2057291,A,G,0.1993,ref
rs2059807,A,G,0.3555,alt
rs2062078,G,T,0.2575,ref
rs2066808,A,G,0.02658,alt
rs2069408,A,G,0.2226,alt
rs2069514,G,A,0.2957,alt
rs2069762,A,C,0.3372,alt
rs2070600,C,T,0.2542,alt
rs2070895,G,A,0.3804,alt
rs2070995,T,C,0.3605,ref
rs2071652,C,T,0.081310,alt
rs2072134,G,A,0.09967,alt
rs2072590,A,C,0.2458,ref
rs2072671,A,C,0.09967,alt
rs2073716,C,G,0.1777,alt
rs2074038,G,T,0.3007,alt
rs2074356,G,A,0.10710,alt
rs2075252,T,C,0.4900,ref
rs2075650,A,G,0.09801,alt
rs2075876,G,A,0.4003,alt
rs2076295,T,G,0.4867,alt
rs2076531,A,G,0.08970,alt
rs2093210,C,T,0.1993,alt
rs2097282,C,T,0.3156,ref
rs2106261,C,T,0.2924,alt
rs2108225,G,A,0.4319,alt
rs2108622,C,T,0.20510,alt
rs2114039,T,C,0.2973,alt
rs2116260,T,C,0.4103,ref
rs2123536,T,C,0.3256,ref
rs212402,G,A,0.1179,ref
rs213210,A,G,0.4884,alt
rs2142731,A,G,0.2608,alt
rs2143340,A,G,0.1296,alt
rs2143571,G,A,0.3588,alt
rs2145272,G,A,0.1096,ref
rs2153271,C,T,0.2326,alt
rs2153713,C,T,0.03987,alt
rs2155219,G,T,0.4086,ref
rs2157719,C,T,0.09302,ref
rs2164983,C,A,0.1163,alt
rs2166898,G,A,0.1362,alt
rs2170527,C,A,0.07475,ref
rs2187668,C,T,0.06312,alt
rs2191566,G,T,0.2907,alt
rs2200733,C,T,0.4551,alt
rs2205960,G,T,0.2542,alt
rs2206734,C,T,0.3621,alt
rs2227901,G,A,0.3405,alt
rs2228001,G,T,0.3339,ref
rs2228479,G,A,0.3206,alt
rs2228570,A,G,0.4402,ref
rs2229109,C,T,0,alt
rs2230345,A,T,0.01827,alt
rs2230500,G,A,0.2658,alt
rs2230806,C,T,0.4252,alt
rs2230926,T,G,0.03654,alt
rs2231142,G,T,0.2625,alt
rs2232228,A,G,0.4651,ref
rs2233424,C,T,0.1346,alt
rs2233580,C,T,0.081310,alt
rs2234693,T,C,0.3904,alt
rs2234962,T,C,0.003322,alt
rs2235371,C,T,0.4369,alt
rs2236007,G,A,0.3123,alt
rs2236164,T,C,0.2757,alt
rs2236313,T,C,0.3787,ref
rs2236907,C,A,0.4186,ref
rs2237717,T,C,0.4485,ref
rs2237892,C,T,0.3488,alt
rs2237895,A,C,0.3439,alt
rs2237897,C,T,0.3505,alt
rs2238149,T,C,0.1412,alt
rs2239612,G,A,0.1495,alt
rs2239815,T,C,0.3505,ref
rs2240017,C,G,0.1047,alt
rs2240419,T,C,0.2475,ref
rs2241201,C,G,0.20510,alt
rs224126,G,A,0.1213,alt
rs2241766,T,G,0.2890,alt
rs2241767,A,G,0.2890,alt
rs2241880,A,G,0.3605,alt
rs2242480,C,T,0.2492,alt
rs2244012,A,G,0.1827,alt
rs2248462,G,A,0.1462,alt
rs2248932,A,G,0.2658,alt
rs225013,T,G,0.2525,ref
rs2251830,C,A,0.2824,alt
rs2252996,G,A,0.31310,ref
rs2253206,A,G,0.4037,ref
rs2253907,C,T,0.3771,ref
rs2255280,C,A,0.3987,ref
rs2259816,G,T,0.4302,alt
rs2267633,A,G,0.2525,alt
rs2267668,G,A,0.2525,ref
rs2268361,C,T,0.4900,alt
rs2269577,G,C,0.3505,ref
rs2270518,C,T,0.1811,alt
rs2270968,T,G,0.3106,alt
rs2271266,T,C,0.30810,alt
rs227163,C,T,0.2309,ref
rs2272046,A,C,0.06811,alt
rs2273017,G,A,0.3854,ref
rs2273650,C,T,0.2990,alt
rs2274223,A,G,0.2276,alt
rs227425,T,G,0.4236,alt
rs2274976,C,T,0.1146,alt
rs2275606,G,A,0.2741,alt
rs2276405,C,T,0.05648,alt
rs2279343,A,G,,
rs2280543,C,T,0.1678,alt
rs2281388,G,A,0.3754,alt
rs2281389,A,G,0.1063,alt
rs2281617,C,T,0.4053,alt
rs2281845,C,T,0.2824,ref
rs2282679,T,G,0.2940,alt
rs2284038,A,G,0.3455,alt
rs2284746,C,G,0.2359,alt
rs2285947,G,A,0.2442,alt
rs228697,C,G,0.03156,alt
rs2289669,G,A,0.4767,ref
rs2290203,G,A,0.4718,ref
rs2291569,G,A,0.10710,alt
rs2293035,G,A,0,alt
rs2294008,C,T,0.2641,alt
rs2294025,G,A,0.1894,alt
rs229527,C,A,0.2890,ref
rs2297235,A,G,0.1379,alt
rs2297595,T,C,0.01329,alt
rs2298585,C,T,0.1013,alt
rs2300478,T,G,0.2724,alt
rs2301888,G,A,0.4252,ref
rs2303790,A,G,0.02824,alt
rs2305795,G,A,0.3156,ref
rs2306283,A,G,0.2076,ref
rs2331291,C,T,0.1246,alt
rs234853,G,A,0.3870,ref
rs234886,G,C,,
rs2349415,T,C,0.2409,ref
rs2363956,T,G,0.2957,alt
rs2367894,T,C,0.3173,ref
rs2387397,G,C,0.1296,ref
rs2389995,A,G,0.1877,alt
rs2393903,T,C,0.4269,alt
rs2395029,T,G,0.006645,alt
rs2395185,G,T,0.30310,alt
rs2401171,T,G,0.2741,ref
rs2412971,G,A,0.3306,alt
rs241453,G,A,0.3505,alt
rs2415317,G,A,0.4635,alt
rs2423279,T,C,0.3106,alt
rs243021,G,A,0.3555,ref
rs2431697,T,C,0.1013,alt
rs2439302,G,C,0.1628,ref
rs2447739,T,C,0.1279,alt
rs2454206,A,G,0.1761,alt
rs2469434,T,C,0.3605,alt
rs2474619,C,A,0.3505,ref
rs2476601,A,G,0,ref
rs2477686,G,C,0.1196,ref
rs2479106,A,G,0.1728,alt
rs2483280,G,A,0.1827,alt
rs2488457,G,C,0.3522,alt
rs249038,A,G,0.09801,ref
rs2510897,A,C,0.3405,alt
rs2517532,A,G,0.4834,ref
rs2517892,T,C,0.4917,ref
rs2523946,C,T,0.4551,alt
rs2531995,C,T,0.2841,alt
rs2535633,C,G,0.3887,alt
rs25487,T,C,0.2209,ref
rs2555364,C,G,0.4983,alt
rs2569190,A,G,0.4136,alt
rs2573652,T,C,0.4435,ref
rs2576037,C,T,0.4601,alt
rs2582532,T,C,0.2973,ref
rs258324,T,G,0.3056,ref
rs2592551,G,A,0.3056,alt
rs2596542,C,T,0.2442,alt
rs261967,A,C,0.4751,alt
rs2634073,T,C,0.2857,alt
rs2647012,T,C,0.1827,ref
rs26722,C,T,0.4136,alt
rs267606617,A,G,,
rs267606619,C,T,,
rs267608289,T,C,,
rs2688419,T,C,0.4103,alt
rs2725338,G,A,0.2143,alt
rs2725544,C,A,0.001661,ref
rs2730260,G,T,0.1910,ref
rs2732547,T,C,0.2309,ref
rs2733052,C,T,0.1844,ref
rs2736098,C,T,0.3920,alt
rs2736100,C,A,0.4153,ref
rs2736340,C,T,0.2724,ref
rs2738048,A,G,0.3106,alt
rs2738058,T,C,0.3106,alt
rs2738446,C,G,0.1744,alt
rs273898676,TT,-,,
rs2740488,A,C,0.2425,alt
rs2740574,C,T,0,ref
rs2746394,G,A,0,alt
rs2753325,A,G,0.1229,ref
rs275651,T,A,0.1362,alt
rs276174813,ATCTT,-,,
rs276174825,CT,-,,
rs276174826,CT,-,,
rs276174871,GT,-,,
rs276174875,A,-,,
rs276174889,C,G,,
rs276174902,C,G,,
rs276174903,-,T,,
rs2764264,C,T,0.30310,ref
rs2781377,G,A,0.1246,alt
rs2787417,T,C,0.4950,ref
rs2794520,C,T,0.4618,ref
rs2799077,C,T,0.1229,alt
rs28362680,G,A,0.2658,alt
rs28371685,C,T,0,alt
rs28371699,A,C,0.2458,alt
rs28371706,G,A,0,alt
rs28371725,C,T,0.05316,alt
rs28371759,A,G,0.004983,alt
rs28399499,T,C,0,alt
rs28399504,A,G,0.001661,alt
rs2841277,C,T,0.3904,ref
rs2842339,G,A,0.01993,ref
rs2844682,G,A,0.1146,alt
rs2847281,A,G,0.1329,alt
rs2847297,A,G,0.3239,alt
rs2853677,G,A,0.3787,ref
rs2854536,G,A,0.2591,ref
rs2856717,A,G,0.1844,ref
rs2856718,C,T,0.41110,ref
rs2857151,A,G,0.3223,ref
rs2857595,G,A,0.4618,ref
rs2858308,G,T,0.1645,alt
rs2860580,A,G,0.3987,ref
rs28642252,A,G,0.04153,ref
rs2867461,A,G,0.4252,ref
rs2871865,C,G,0.1146,alt
rs28727938,C,G,0,alt
rs28735595,C,T,0.2342,alt
rs2887571,A,G,0.1528,alt
rs28897743,G,A,,
rs28897756,G,A,,
rs2890982,T,C,0.3970,ref
rs28940868,C,T,,
rs2894207,T,C,0.1777,alt
rs28942074,C,A,,
rs2895680,C,T,0.3173,ref
rs2896019,T,G,0.3538,alt
rs2897442,C,T,0.1561,alt
rs290487,C,T,0.3754,ref
rs29232,C,T,0.4419,alt
rs2925979,T,C,0.4186,ref
rs2934498,A,G,0.2824,alt
rs2937573,G,A,0.4900,ref
rs2943641,T,C,0.07143,ref
rs2946504,T,G,0.3854,ref
rs2952768,T,C,0.4518,alt
rs2954029,A,T,0.4502,ref
rs296547,T,C,0.3771,alt
rs296766,T,C,0.1379,ref
rs2969180,G,A,0.4635,ref
rs2981579,A,G,0.4502,ref
rs2995264,G,A,0,ref
rs3019885,T,G,0.2658,alt
rs3021304,G,C,0.4086,ref
rs3025058,-,A,,
rs3057,C,T,0.2924,ref
rs3077,A,G,0.2940,ref
rs3087243,G,A,0.2625,alt
rs3088362,C,A,0.2874,alt
rs3093953,T,G,0.08472,ref
rs3094187,C,T,0.4003,ref
rs3095324,C,T,0.2558,alt
rs310241,A,G,0.2774,alt
rs3102734,G,A,0.1096,alt
rs3110232,A,G,0.1312,alt
rs3117008,G,A,0.4651,ref
rs3117039,C,T,0.4037,alt
rs3117098,G,A,0.2841,ref
rs3118470,T,C,0.4867,ref
rs3118520,A,G,0.20510,alt
rs3125734,T,C,0.09302,ref
rs3126085,G,A,0.3522,ref
rs3129055,A,G,0.3439,alt
rs3129269,C,A,0.2342,alt
rs3129860,A,G,0.09635,ref
rs3129871,A,C,0.3256,ref
rs3129878,A,C,0.2757,alt
rs3129882,G,A,0.3704,alt
rs3129890,T,C,0.2757,alt
rs3129900,G,T,0.1395,ref
rs3129943,A,G,0.3505,alt
rs3130299,A,G,0.2807,alt
rs3130501,A,G,0.2890,ref
rs3130542,A,G,0.1877,ref
rs3131000,G,C,0.3638,ref
rs3131296,C,T,0.03322,alt
rs3132613,C,G,0.3289,ref
rs31344,G,A,0.02990,alt
rs3135363,A,G,0.2774,alt
rs3138141,C,A,0.1246,alt
rs3174808,T,C,0.2442,alt
rs3181374,A,G,0.2874,alt
rs3184504,T,C,0.004983,ref
rs3188055,A,G,0.1827,alt
rs3208181,T,C,0.1478,ref
rs3211371,C,T,0,alt
rs3212986,C,A,0.30810,alt
rs3213094,C,T,0.4967,ref
rs322458,C,T,0.1711,alt
rs324420,C,A,0.1678,alt
rs328,C,G,0.1229,alt
rs335206,T,C,0.4053,ref
rs339331,T,C,0.3953,alt
rs33962847,A,T,0.4934,ref
rs33972313,C,T,0.01827,alt
rs340630,G,A,0.4983,alt
rs340874,T,C,0.4169,alt
rs34330,T,C,0.4718,ref
rs344081,T,C,0.03488,alt
rs34593439,G,A,0.07309,alt
rs34778348,G,A,0.02658,alt
rs34920465,A,G,0.2276,alt
rs35145938,C,T,0,alt
rs35292876,C,T,0,alt
rs35444,A,G,0.2276,alt
rs35597309,G,A,0.1196,alt
rs35599367,G,A,0,alt
rs35652124,T,C,0.4817,ref
rs35668226,A,G,0.2043,alt
rs35742686,T,-,0,alt
rs35744813,T,C,0.1578,ref
rs35837782,A,G,0.4086,ref
rs36208070,-,CCTATATCCT,,
rs362540,G,A,0.3970,alt
rs363050,G,A,0.2857,alt
rs364897,T,C,0,alt
rs36600,T,C,0.1047,ref
rs372883,T,C,0.4651,alt
rs3733309,A,G,0.3455,alt
rs3733606,C,T,0.4734,ref
rs3736228,C,T,0.1860,alt
rs3738814,A,G,0.2542,ref
rs3741208,A,G,0.1827,ref
rs3745274,G,T,0.21010,alt
rs3745516,A,G,0.2226,alt
rs3747517,T,C,0.3073,alt
rs3750518,C,T,0.3488,ref
rs3751385,A,G,0.4103,ref
rs3751599,G,A,0.07641,alt
rs3753841,G,A,0.2757,ref
rs3755206,T,G,0.20010,alt
rs3757824,T,C,0.2259,alt
rs3760776,G,A,0.1827,alt
rs3761121,T,C,0.21010,alt
rs3761959,C,T,0.3987,alt
rs3764147,A,G,0.3588,alt
rs3764261,C,A,0.1844,alt
rs3769528,A,G,0.1910,alt
rs377457,A,G,0.2375,alt
rs3781264,A,G,0.1811,alt
rs3781426,C,T,0.2126,alt
rs3781834,A,G,0.20510,alt
rs3781913,T,G,0.2957,alt
rs3782886,T,C,0.1611,alt
rs3782889,A,G,0.2143,alt
rs3783782,G,A,0.2890,alt
rs3785574,T,C,0.4767,alt
rs3786897,A,G,0.4086,alt
rs3791679,A,G,0.2259,ref
rs3801387,A,G,0.1213,alt
rs3802379,C,T,0.1395,alt
rs3802457,G,A,0.1113,alt
rs3802842,C,A,0.4153,ref
rs3803662,A,G,0.3422,alt
rs3803800,A,G,0.3505,ref
rs3803915,C,A,0.2375,alt
rs3805322,A,G,0.4003,alt
rs38055,A,G,0.2508,ref
rs3806156,G,T,0.3904,alt
rs3806624,A,G,0.1445,ref
rs3807989,A,G,0.2658,ref
rs3809128,C,T,0.1711,alt
rs3809263,C,T,0.3953,alt
rs3810291,G,A,0.2674,alt
rs3810622,T,C,0.4452,alt
rs3810936,T,C,0.4668,alt
rs3812163,A,T,0.2475,alt
rs3813929,C,T,0.1611,alt
rs3815148,A,C,0.1977,alt
rs3816804,C,T,0.1711,alt
rs381737,A,T,,
rs3817428,C,G,0.1013,alt
rs3817963,T,C,0.2143,alt
rs381815,C,T,0.1329,alt
rs3823418,G,A,0.1844,alt
rs3824999,T,G,0.3887,alt
rs3825214,G,A,0.41110,ref
rs3825932,T,C,0.09801,alt
rs3827066,C,T,0.06312,alt
rs3852724,A,C,0.4169,alt
rs3864302,C,T,0.2542,alt
rs3873385,C,T,0.3355,alt
rs3890324,C,A,0.3439,alt
rs3892097,C,T,0.001661,alt
rs389261,G,A,0,alt
rs3893464,G,A,0.40610,ref
rs3905706,C,T,0.4568,alt
rs3909184,G,C,0.08472,alt
rs391300,T,C,0.3306,ref
rs3914132,C,T,0.09801,ref
rs3918242,C,T,0.1478,alt
rs3918290,C,T,0,alt
rs3923113,A,C,0.1495,alt
rs3943077,A,G,0.3538,alt
rs396991,A,C,,
rs397507419,-,A,,
rs397507420,A,-,,
rs397507563,C,-,,
rs397507612,A,-,,
rs397507614,C,-,,
rs397507627,C,-,,
rs397507823,TT,-,,
rs397507922,G,A,,
rs397508011,ACAA,-,,
rs397508022,T,-,,
rs397508983,G,A,,
rs397508987,-,A,,
rs397508993,A,-,,
rs397509011,AC,-,,
rs397509035,G,C,,
rs397509058,TTCT,-,,
rs397509060,ATTAA,-,,
rs397509301,G,A,,
rs397514401,G,A,,
rs397514420,A,-,,
rs397514425,-,T,,
rs397516416,C,T,,
rs397516878,A,G,0.001661,alt
rs398122576,C,-,,
rs399593,G,T,0.4535,ref
rs401681,C,T,0.3123,alt
rs402710,C,T,0.2940,alt
rs40457,A,G,0.3223,alt
rs404860,T,C,0.4369,alt
rs4072037,C,T,0.2043,ref
rs4072111,C,T,0.1977,alt
rs4085613,T,G,0.3405,ref
rs4112788,A,G,0.3389,ref
rs412657,T,G,0.1977,ref
rs41268474,G,A,0.1163,alt
rs41281112,C,T,0.03987,alt
rs41291556,T,C,0,alt
rs41293455,G,A,,
rs41293497,C,G,,
rs4133274,A,G,0.2342,alt
rs4140564,G,A,0.001661,ref
rs4141001,C,T,0.1927,ref
rs4141819,C,T,0.09136,ref
rs4142110,T,C,0.4568,alt
rs4143334,A,G,0.1445,alt
rs41464348,G,A,0.2890,alt
rs4146922,T,A,0.1894,ref
rs4148323,G,A,0.1645,alt
rs41483948,A,G,0.008306,alt
rs4149056,T,C,0.1312,alt
rs420259,A,G,0.3721,alt
rs421016,A,G,0,alt
rs4227,G,T,0.2392,ref
rs4233949,C,G,0.03987,ref
rs4242382,A,G,0.1395,ref
rs4243400,A,G,0.4369,ref
rs4244285,G,A,0.3189,alt
rs4245595,C,T,0.3405,ref
rs4248154,C,T,0.2874,alt
rs42490,G,A,0.4801,ref
rs4275659,T,C,0.3223,ref
rs4282339,G,A,0.1678,alt
rs4282438,T,G,0.3937,alt
rs4293393,A,G,0.09136,alt
rs429358,T,C,0.08638,alt
rs429608,G,A,0.07475,alt
rs4301434,A,G,0.2359,alt
rs4313034,C,T,0.1262,ref
rs4338740,T,C,0.08472,alt
rs4343,G,A,0.2890,ref
rs4344,G,A,0.2940,ref
rs4353229,T,C,0.3987,alt
rs4369779,T,C,0.1478,ref
rs4369815,T,G,0.01661,alt
rs4385527,G,A,0.1844,alt
rs439401,T,C,0.4419,alt
rs4394274,C,A,0.4053,alt
rs4402960,G,T,0.2392,alt
rs4410790,T,C,0.4452,alt
rs4420638,A,G,0.1013,alt
rs442309,C,T,0.2625,alt
rs4424296,C,T,0.3738,ref
rs4428898,G,A,0.3206,ref
rs4430796,G,A,0.2558,ref
rs443198,A,G,0.4435,ref
rs4444235,T,C,0.4402,alt
rs4445406,T,C,0.4485,ref
rs4453791,T,C,0.001661,alt
rs4455882,A,G,0.2558,alt
rs4457053,G,A,0.05814,ref
rs4462937,A,G,0.4086,alt
rs4472734,C,T,0.4884,ref
rs4481887,A,G,0.1312,ref
rs4488809,T,C,0.4718,ref
rs4489954,T,G,0.3023,alt
rs4491709,T,C,0.1296,ref
rs4523957,G,T,0.3256,ref
rs4538475,A,G,0.4618,ref
rs4552569,C,T,0.2558,ref
rs455804,A,C,0.3522,ref
rs4565946,C,T,0.2558,alt
rs4574921,C,T,0.3787,ref
rs459193,A,G,0.4784,alt
rs4607103,C,T,0.3754,alt
rs4607517,G,A,0.1761,alt
rs4618210,A,G,0.3854,ref
rs4622329,G,A,0.3738,ref
rs463426,T,C,0.4801,alt
rs4635554,T,G,0.3920,alt
rs4639966,T,C,0.4419,alt
rs4646,A,C,0.3106,ref
rs4646438,-,T,,
rs4654748,C,T,0.41110,ref
rs4654903,A,G,0.2641,alt
rs465498,A,G,0.2076,alt
rs4664308,A,G,0.3256,alt
rs4665736,C,T,0.4867,ref
rs4673993,T,C,0.30810,alt
rs4675374,T,C,0.3904,ref
rs4680,G,A,0.2890,alt
rs4698412,G,A,0.3937,alt
rs4711332,A,G,0.03322,ref
rs4713607,G,A,0.4767,alt
rs4713693,T,C,0.2193,alt
rs4713766,C,A,0.09468,alt
rs4713916,A,G,0.21010,ref
rs4722404,T,C,0.3688,alt
rs4727338,G,C,0.1346,ref
rs4728142,G,A,0.1063,alt
rs4733220,A,G,0.4286,ref
rs4733789,C,T,0.3754,alt
rs4736437,T,G,0.1877,alt
rs4752781,A,T,0.1661,ref
rs4757391,C,T,0.2724,ref
rs4765913,A,T,0.04817,ref
rs4776970,A,T,0.2542,ref
rs4778138,A,G,0.2807,ref
rs4778879,A,G,0.4950,alt
rs4778889,T,C,0.2093,alt
rs4779520,C,T,0.3455,ref
rs4779584,T,C,0.1877,alt
rs478304,G,T,0.4701,ref
rs4783244,G,T,0.3455,alt
rs4784165,T,G,0.3987,alt
rs4784227,C,T,0.2641,alt
rs4785204,C,T,0.2542,alt
rs4789937,A,G,0.1229,ref
rs4790881,C,A,0.4053,alt
rs479336,T,G,0.3522,alt
rs479844,A,G,0.2542,alt
rs4804803,A,G,0.07641,alt
rs4808801,A,G,0.2209,alt
rs4809957,A,G,0.3754,ref
rs4813003,C,T,0.4502,alt
rs4813802,T,G,0.2309,alt
rs4819388,T,C,0.4236,ref
rs4821083,T,C,0.2957,ref
rs4821116,C,T,0.4037,alt
rs4821124,T,C,0.4103,alt
rs4821940,T,C,0.4153,alt
rs4822983,C,T,0.1811,alt
rs4838605,C,T,0.10710,ref
rs4842044,C,T,0.3738,alt
rs4845454,C,T,0.3372,ref
rs4845625,T,C,0.4319,alt
rs4846914,G,A,0.2442,alt
rs4849887,T,C,0.1993,ref
rs4852324,T,C,0.1860,alt
rs4880,A,G,0.1246,alt
rs4884660,C,T,0.1794,alt
rs4885093,G,A,0.4252,ref
rs4894535,C,T,0.3488,alt
rs489693,C,A,0.1894,alt
rs4910907,G,A,0.2625,ref
rs4911414,T,G,0.1578,ref
rs4911442,G,A,0.001661,ref
rs4915077,T,C,0.2973,alt
rs4916219,T,C,0.4186,ref
rs4917014,T,G,0.3306,alt
rs4925386,T,C,0.2857,ref
rs4939827,T,C,0.3256,ref
rs4947296,T,C,0.2641,alt
rs4948496,T,C,0.3505,ref
rs4950,G,A,0.2126,ref
rs4950928,G,C,0.1495,ref
rs4951011,A,G,0.3056,alt
rs4959053,G,A,0.1229,alt
rs4961,G,T,0.4601,alt
rs4973768,C,T,0.1728,alt
rs4977574,A,G,0.4917,ref
rs498136,A,C,0.3123,ref
rs498422,T,G,0.1595,alt
rs4985155,A,G,0.4053,alt
rs4986893,G,A,0.05482,alt
rs4986909,G,A,,
rs4987161,A,G,,
rs4988235,G,A,0,alt
rs4988321,G,A,0.001661,alt
rs498872,A,G,0.2508,ref
rs5009448,T,C,0.3638,ref
rs501120,T,C,0.3472,alt
rs5019252,C,T,0.3272,alt
rs5020946,G,T,0.3289,alt
rs5029939,C,G,0.03654,alt
rs5030359,G,A,0,alt
rs5030655,A,-,0,alt
rs5030656,CTT,-,0,alt
rs5030849,C,T,0,alt
rs5030859,C,T,0,alt
rs5030862,C,T,,
rs5030865,C,T,0.006645,alt
rs5030867,T,G,0,alt
rs5051,C,T,0.1561,ref
rs505151,G,A,0.04651,ref
rs505802,T,C,0.21010,ref
rs505922,T,C,0.3721,alt
rs5063,C,T,0.1113,alt
rs5065,A,G,0.01329,alt
rs507666,G,A,0.1910,alt
rs5082,G,A,0.1113,ref
rs510769,C,T,0.1777,alt
rs514315,T,C,0.3023,alt
rs515071,A,G,0.1794,ref
rs515983,C,T,0.4286,ref
rs5182,C,T,0.30310,ref
rs5186,A,C,0.06146,alt
rs519113,C,G,0.1495,alt
rs5215,C,T,0.3372,ref
rs5219,T,C,0.3372,ref
rs526896,T,G,0.4817,alt
rs527616,C,G,0.2674,ref
rs529565,T,C,0.3721,alt
rs53576,A,G,0.3455,alt
rs5370,G,T,0.2957,alt
rs537930,G,T,0.2841,alt
rs5400,G,A,0.01163,alt
rs5443,C,T,0.4884,ref
rs544968,T,C,0.06977,ref
rs547154,G,T,0.05482,alt
rs548234,C,T,0.2658,ref
rs551060742,C,T,0.001661,alt
rs556621,T,G,0.4784,ref
rs55743914,C,T,0.02326,alt
rs55886062,A,C,0,alt
rs55901263,G,C,0.003322,alt
rs55914911,A,G,0.01329,alt
rs55951658,T,C,0.001661,alt
rs55975637,G,A,0.05648,alt
rs560887,T,C,0.01827,ref
rs56219066,T,C,0.4718,alt
rs56252704,G,A,0.1794,alt
rs56276455,G,A,,
rs56337013,C,T,,
rs570618,T,G,0.04485,ref
rs570963,A,G,0.3256,alt
rs572169,C,T,0.4319,alt
rs574367,G,T,0.1495,alt
rs5743708,G,A,0.001661,alt
rs574808,T,C,0.2326,alt
rs5749286,C,A,0.4485,alt
rs5754227,T,C,0.4153,ref
rs5759167,G,T,0.2841,alt
rs5764455,A,G,0.3538,ref
rs5768709,A,G,0.1977,alt
rs579459,T,C,0.1894,alt
rs57968458,G,A,0.4502,alt
rs5817082,-,A,0.1312,alt
rs591166,T,A,0.1894,alt
rs5912838,A,C,0.3987,alt
rs59421388,C,T,0,alt
rs5945326,A,G,0.4037,alt
rs599839,G,A,0.05316,ref
rs600130,C,T,0.1312,ref
rs6006611,G,A,0.4734,ref
rs6010620,A,G,0.2774,alt
rs601338,G,A,0.004983,alt
rs6017317,T,G,0.4053,alt
rs6022786,A,G,0.4003,ref
rs602662,G,A,0.004983,alt
rs6030712,G,A,0.4850,ref
rs603446,C,T,0.3355,alt
rs60369023,G,A,0,alt
rs6046,G,A,0.04319,alt
rs6060369,T,C,0.2757,alt
rs606452,A,C,0.5,ref
rs6065,C,T,0.05316,alt
rs610037,A,C,0.3721,alt
rs6102059,C,T,0.4352,ref
rs611203,G,A,0.1977,ref
rs614367,C,T,0.0117,alt
rs616488,A,G,0.3355,alt
rs6184,C,A,0.1678,alt
rs61907765,C,T,0.001661,alt
rs61941274,G,A,0,alt
rs61985136,C,T,0.4286,alt
rs62247658,C,T,0.2475,alt
rs62358361,G,T,0,alt
rs625039,G,A,0.3638,alt
rs62508588,C,T,0.001661,alt
rs62514907,C,T,,
rs62514927,T,C,,
rs62514955,A,T,,
rs62516095,G,T,,
rs6265,C,T,0.4934,ref
rs6269,A,G,0.3306,alt
rs6311,C,T,0.40610,ref
rs63750006,C,T,0.006645,alt
rs63750114,C,T,0.008306,alt
rs638893,G,A,0.2093,ref
rs6413504,A,G,0.2973,alt
rs6444895,G,A,0.2907,ref
rs6457580,G,T,0.07143,alt
rs6457617,C,T,0.4203,ref
rs6467136,A,G,0.2126,ref
rs646776,C,T,0.03987,ref
rs647161,C,A,0.2757,alt
rs6472903,G,T,0.03488,ref
rs6478106,C,T,0.2658,alt
rs6478108,C,T,0.4817,alt
rs6498114,G,T,0.4252,alt
rs6503659,A,T,0.1096,ref
rs6511720,G,T,0.009967,alt
rs651821,C,T,0.2691,ref
rs652888,A,G,0.3056,alt
rs6540223,C,T,0.04817,ref
rs6542095,C,T,0.3156,alt
rs6545814,A,G,0.4252,alt
rs654690,T,C,0.07807,ref
rs6547741,G,A,0.1047,ref
rs6565597,C,T,0.1944,alt
rs6570507,G,A,0.3804,alt
rs657075,G,A,0.3007,alt
rs6590330,G,A,0.3538,alt
rs6603859,G,T,0.3272,ref
rs660895,A,G,0.1894,alt
rs662799,G,A,0.2691,ref
rs6677604,G,A,0.051410,alt
rs6687758,A,G,0.1794,alt
rs6703183,T,C,0.3870,ref
rs6705628,C,T,0.1661,alt
rs6706649,C,T,0.06645,alt
rs671,G,A,0.1628,alt
rs6715106,A,G,0.08472,alt
rs67156297,G,A,0.08638,alt
rs6721961,T,G,0.2525,ref
rs67376798,T,A,0,alt
rs6753456,G,A,0.2990,ref
rs6753739,A,G,0.4319,alt
rs6754640,G,A,0.08472,alt
rs6763931,G,A,0.3405,alt
rs67666821,-,T,,
rs6772112,C,T,0.09967,ref
rs6773854,T,C,0.1694,alt
rs6774494,G,A,0.4086,ref
rs67784355,G,A,0,alt
rs6780220,A,C,0.4319,ref
rs6780569,G,A,0.2076,alt
rs67839313,T,C,0.2442,alt
rs6793295,T,C,0.3073,ref
rs679620,T,C,0.3472,ref
rs679711,T,C,0.2890,ref
rs6804441,A,G,0.3688,alt
rs6813195,C,T,0.4219,alt
rs6815464,C,G,0.4385,alt
rs6822844,G,T,0,alt
rs6823268,A,G,0.1412,alt
rs6828523,C,A,0.2641,alt
rs6832151,G,T,0.40110,ref
rs6840978,C,T,0.1478,alt
rs6842241,C,A,0.2043,alt
rs6843082,G,A,0.2957,alt
rs6845999,C,T,0.2143,alt
rs6856616,T,C,0.2409,alt
rs6896064,T,G,0.11210,alt
rs6900578,G,A,0.03156,alt
rs6902119,T,C,0.3787,alt
rs6903130,G,A,0.2492,ref
rs6903608,C,T,0.4834,ref
rs6903956,A,G,0.05814,ref
rs6909253,G,T,0.3904,alt
rs6925433,G,A,0.4585,ref
rs6957263,T,C,0.1860,alt
rs6983267,G,T,0.40610,ref
rs699371,T,C,0.1993,ref
rs7007032,C,T,0.1827,ref
rs7016880,G,C,0.1246,alt
rs702634,G,A,0.1645,ref
rs7034200,C,A,0.4635,alt
rs704010,T,C,0.3239,ref
rs704017,A,G,0.2359,alt
rs7041847,A,G,0.4850,ref
rs7044529,C,T,0.1279,alt
rs705379,G,A,0.4568,alt
rs705702,A,G,0.2276,alt
rs7071206,T,C,0.4668,ref
rs7075349,G,A,0.2625,ref
rs7084402,A,G,0.4734,alt
rs7084921,C,T,0.1910,alt
rs7086803,G,A,0.30310,alt
rs708723,C,T,0.4585,ref
rs7087591,G,A,0.2093,ref
rs7097397,G,A,0.3239,ref
rs7104791,T,C,0.4003,alt
rs7105934,G,A,0.05980,alt
rs7107217,A,C,0.3156,alt
rs7108738,T,G,0.1944,alt
rs71325459,C,T,0,alt
rs713598,C,G,0.3106,ref
rs7136259,T,C,0.3422,ref
rs71507014,-,C,0.3771,alt
rs71508903,C,T,0.1777,alt
rs7153027,A,C,0.2409,alt
rs7158300,C,T,0.2890,alt
rs716274,A,G,0.2757,alt
rs7172432,A,G,0.3555,alt
rs7178572,A,G,0.3638,alt
rs7184046,G,C,0.3239,alt
rs718712,G,A,0.3239,alt
rs7190997,T,C,0.3372,ref
rs7193788,A,G,0.4801,alt
rs7194886,C,T,0.1013,alt
rs7197475,C,T,0.1113,alt
rs7204132,T,G,0.08970,ref
rs7206735,T,C,0.2924,alt
rs721048,G,A,0.03821,alt
rs7216064,G,A,0.3355,ref
rs7216389,C,T,0.30810,ref
rs7217932,A,G,0.2176,ref
rs7221059,C,A,0.02492,alt
rs7221571,G,A,0.4934,alt
rs722258,C,T,0.3306,alt
rs7229639,A,G,0.1512,ref
rs72474224,C,T,0.08970,alt
rs72549346,-,CA,,
rs72549351,AGTC,-,,
rs72549354,-,C,,
rs72552267,G,A,,
rs72552713,G,A,0,alt
rs72552799,C,T,0,alt
rs72554664,C,T,0.01329,alt
rs72554665,C,A,0.01329,alt
rs72558186,T,C,,
rs72558187,T,C,0.001661,alt
rs725613,T,G,0.20010,alt
rs726288,C,T,0.2375,alt
rs727428,T,C,0.4319,ref
rs72802342,C,A,0.1412,alt
rs7291467,G,A,0.2973,alt
rs72921001,C,A,0.31310,alt
rs72933970,T,C,0.07143,alt
rs7296288,A,C,0.4319,alt
rs730012,A,C,0.1379,alt
rs73036519,G,C,0,alt
rs73058713,C,A,0.1346,alt
rs731236,A,G,0.05980,alt
rs7316898,T,C,0.3189,ref
rs73230612,C,T,0.4186,ref
rs7329174,A,G,0.2542,alt
rs7350481,T,C,0.2442,ref
rs735853,C,G,0.1113,alt
rs73598374,C,T,0.06312,alt
rs73718779,C,T,0.001661,alt
rs738491,C,T,0.4518,alt
rs739496,A,G,0.09302,ref
rs7403531,T,C,0.3289,ref
rs7412,C,T,0.09468,alt
rs74225573,T,C,0.1346,alt
rs74315319,C,T,0.001661,alt
rs743572,A,G,0.3920,ref
rs7447927,C,G,0.3654,alt
rs7453920,A,G,0.10710,ref
rs746427774,-,A,,
rs74735889,C,T,0.07641,alt
rs747650,C,T,0.2757,ref
rs7479949,T,C,0.4900,alt
rs750019452,G,A,,
rs7501331,C,T,0.1860,alt
rs750188782,CACACGTTCTTGCAGC,-,,
rs7501939,T,C,0.2076,ref
rs7504990,T,C,0.2375,ref
rs7513464,G,C,0.3306,alt
rs751728,C,T,0.2159,ref
rs752092,A,G,0.1528,alt
rs7521902,C,A,0.4967,alt
rs7528684,A,G,0.4003,alt
rs7531806,G,A,0.4535,alt
rs753955,A,G,0.3256,alt
rs7550047,A,G,0.2442,alt
rs7553711,T,C,0.1113,alt
rs7566605,C,G,0.3571,ref
rs757110,C,A,0.3555,ref
rs7574865,T,G,0.3522,ref
rs757608,A,G,0.2824,ref
rs7578597,T,C,0.006645,alt
rs75796365,T,C,0.05814,alt
rs75804782,T,C,0.05980,alt
rs758115611,-,T,,
rs7584262,C,T,0,alt
rs75842709,C,T,0,alt
rs7588654,C,T,0.4900,alt
rs7593730,T,C,0.1678,ref
rs7594220,G,A,0.09302,ref
rs760426,A,G,0.3787,alt
rs7606754,A,G,0.3870,ref
rs7613051,G,A,0.4850,alt
rs7615568,T,G,0.09967,alt
rs7616215,C,T,0.1213,ref
rs7617456,G,A,0.2392,alt
rs7620503,C,T,0.4585,ref
rs762551,C,A,0.3239,ref
rs76296470,G,A,,
rs763035,G,A,0.09302,alt
rs7630373,T,C,0.02326,alt
rs7631358,G,A,0.4286,alt
rs76337351,C,G,0.02824,alt
rs7634389,T,C,0.4269,alt
rs7636293,C,T,0.31310,ref
rs7639618,C,T,0.4917,alt
rs76418789,G,A,0.04817,alt
rs7642134,A,G,0.4601,alt
rs7656416,C,T,0.3073,alt
rs7660345,A,T,0.3671,alt
rs76687508,G,A,,
rs7671167,C,T,0.4834,ref
rs7677751,C,T,0.2193,alt
rs7678436,G,A,0.3239,alt
rs7679673,C,A,0.1827,ref
rs7682241,G,T,0.3488,alt
rs768245266,-,G,,
rs76830965,C,A,0,alt
rs7686660,T,G,0.2757,ref
rs769258,C,T,0.004983,alt
rs769499327,A,T,,
rs7698250,C,T,0.02492,alt
rs7701094,G,C,,
rs7701890,A,G,0.1711,alt
rs770263702,ACAA,-,,
rs770318608,AATT,-,,
rs7704138,C,T,0.4585,alt
rs7708474,T,G,0.3654,alt
rs7709212,T,C,0.4801,ref
rs7712641,T,C,0.4684,ref
rs773528125,-,CGTT,,
rs7739264,C,T,0.2625,ref
rs7741604,A,C,0.4003,alt
rs7744813,C,A,0.20510,ref
rs7745098,C,T,0.30310,ref
rs7748270,C,T,0.4402,alt
rs77502020,T,C,0.04153,alt
rs7752903,T,G,0.03654,alt
rs7754840,G,C,0.3870,alt
rs7755545,C,T,0.03322,alt
rs7758229,G,T,0.2558,alt
rs7759482,A,G,0.4452,alt
rs7759938,C,T,0.3256,ref
rs776280797,C,T,,
rs7765379,T,G,0.05482,alt
rs776746,C,T,0.2973,alt
rs7775228,T,C,0.21010,alt
rs7777484,A,G,0.2159,alt
rs7779029,T,C,0.1595,alt
rs7787362,T,C,0.2508,alt
rs778749563,C,G,,
rs7791481,G,C,0.3405,alt
rs779323689,C,T,,
rs779933,G,A,0.2159,alt
rs780094,T,C,0.4817,ref
rs7803454,C,T,0.01827,alt
rs7812088,G,A,0,alt
rs7812879,T,C,0.2276,ref
rs7815909,A,G,0.06478,alt
rs782608284,C,T,,
rs7829127,A,G,0.1047,alt
rs7837688,T,G,0.1578,ref
rs7837791,G,T,0.4568,alt
rs78378222,T,G,0,alt
rs7850258,A,G,0.1346,ref
rs7851693,C,G,0.4917,ref
rs786204474,C,T,,
rs786204581,C,T,,
rs786204739,T,G,,
rs7865618,G,A,0.09302,ref
rs7875560,G,T,0.07641,alt
rs7900194,G,A,0,alt
rs7901695,T,C,0.02492,alt
rs7903146,C,T,0.02492,alt
rs7913069,C,T,0.08638,alt
rs791595,A,G,0.1179,ref
rs7921977,C,T,0.1894,ref
rs7924176,A,G,0.02326,alt
rs7927894,C,T,0.2259,alt
rs7944584,A,T,0.02824,alt
rs7953528,T,A,0.2458,alt
rs7961152,A,C,0.1894,ref
rs7961581,C,T,0.2076,ref
rs79738337,G,A,0.009967,alt
rs7975232,C,A,0.2857,alt
rs7975788,T,G,0.1146,alt
rs79758729,A,G,0.01329,alt
rs798766,T,C,0.1279,ref
rs79931499,C,G,0,alt
rs7997012,A,G,0.2940,ref
rs79976124,G,A,0.06977,alt
rs800292,G,A,0.4286,alt
rs801112,T,C,0.1827,alt
rs80142782,T,C,0.1296,alt
rs802734,A,G,0.1528,alt
rs8030379,G,A,0.2741,ref
rs8032158,T,C,0.3206,alt
rs80338684,GCGGCTG,TCC,,
rs80338717,C,T,0.001661,alt
rs80338720,ATAC,-,,
rs80338725,-,CCCGGGCAGCCACCTGTAATCTC,,
rs80338939,C,-,0,alt
rs80338943,G,-,0.006645,alt
rs8034191,T,C,0.03654,alt
rs80356484,G,T,,
rs80356925,G,T,,
rs80356932,G,A,,
rs80357069,C,A,,
rs80357071,G,C,,
rs80357167,C,A,,
rs80357251,C,A,,
rs80357303,T,A,,
rs80357305,G,A,,
rs80357468,C,T,,
rs80357508,TTGA,-,,
rs80357516,-,ACTA,,
rs80357567,ACTG,-,,
rs80357579,TC,-,,
rs80357602,AC,-,,
rs80357618,T,-,,
rs80357678,AA,-,,
rs80357702,T,-,,
rs80357721,T,-,,
rs80357772,AT,-,,
rs80357783,-,T,,
rs80357786,T,-,,
rs80357808,C,-,,
rs80357814,TT,-,,
rs80357842,CACT,-,,
rs80357853,-,T,,
rs80357868,AGAC,-,,
rs80357885,-,T,,
rs80357887,AG,-,,
rs80357908,G,-,,
rs80357973,TGCCCAAT,-,,
rs80357996,-,T,,
rs80358004,C,G,,
rs80358041,C,G,,
rs80358042,C,A,,
rs80358043,C,A,,
rs80358053,C,A,,
rs80358126,C,G,,
rs80358131,A,C,,
rs80358419,C,T,,
rs80358474,C,A,,
rs80358515,C,T,,
rs80358557,C,T,,
rs80358785,C,A,,
rs80358815,C,G,,
rs80358981,C,T,,
rs80359013,G,A,,
rs80359099,C,T,,
rs80359305,TTAT,-,,
rs80359309,A,-,,
rs80359338,-,A,,
rs80359351,AAAC,-,,
rs80359372,AAAA,-,,
rs80359376,TAAT,-,,
rs80359391,TG,-,,
rs80359403,TGAG,-,,
rs80359463,AGTCA,-,,
rs80359475,C,-,,
rs80359480,-,A,,
rs80359490,AG,-,,
rs80359527,-,A,,
rs80359531,CT,-,,
rs80359544,AGTT,-,,
rs80359597,TC,-,,
rs80359604,GT,-,,
rs80359605,TG,-,,
rs80359659,ACAG,-,,
rs80359671,CAAAT,-,,
rs80359675,TCAAA,-,,
rs80359747,-,A,,
rs80359770,-,A,,
rs8042680,C,A,0.001661,ref
rs806215,T,C,0.3405,ref
rs8067378,A,G,0.3073,alt
rs806794,A,G,0.2243,ref
rs8083786,A,G,0.2857,alt
rs8085365,C,T,0.02326,alt
rs8098316,T,G,0.1512,ref
rs81002873,G,A,,
rs81002874,G,T,,
rs8135665,C,T,0.1346,alt
rs8141797,A,G,0.08804,alt
rs8176746,G,T,0.1877,alt
rs817826,C,T,0.1213,ref
rs8192678,C,T,0.4186,alt
rs8192709,C,T,0.03821,alt
rs820430,A,G,0.30810,ref
rs823128,G,A,0.1429,ref
rs823156,G,A,0.2558,ref
rs831571,T,C,0.3937,ref
rs835784,A,G,0.2824,ref
rs855791,A,G,0.4502,alt
rs855867,G,A,0.4452,ref
rs861020,A,G,0.1927,ref
rs864745,T,C,0.2342,alt
rs867529,G,C,0.4967,ref
rs872071,A,G,0.2990,alt
rs873549,C,T,0.3538,ref
rs877819,A,G,0.20510,ref
rs878860,C,T,0.4136,alt
rs880315,T,C,0.3738,ref
rs885479,G,A,0.4086,ref
rs888208,A,G,0.4336,alt
rs888789,A,G,0.4950,ref
rs889014,C,T,0.09635,alt
rs889140,G,A,0.4136,alt
rs889312,C,A,0.5,ref
rs894278,T,G,0.3621,alt
rs896854,T,C,0.2625,ref
rs897057,T,C,0.2475,ref
rs897200,T,C,0.3505,alt
rs909116,T,C,0.3455,ref
rs910049,T,C,0.2591,ref
rs915404,A,G,0.03821,alt
rs9260734,G,A,0.3422,alt
rs9263739,C,T,0.08306,alt
rs9266406,G,A,0.3870,alt
rs9268402,G,A,0.3953,alt
rs9268839,A,G,0.3306,alt
rs9271100,T,C,0.2492,ref
rs9271366,G,A,0.1628,ref
rs9271588,T,C,0.4385,alt
rs9272105,G,A,0.4468,alt
rs9272346,G,A,0.5,ref
rs9275224,A,G,0.3472,ref
rs9275319,A,G,0.10710,alt
rs9275572,A,G,0.2309,ref
rs9275596,C,T,0.1312,ref
rs9275698,A,G,0.2674,alt
rs9277535,A,G,0.4053,ref
rs9277952,G,A,0.3688,alt
rs928674,A,G,0.1329,alt
rs9288318,C,A,0.3106,ref
rs9296095,T,C,0.2658,alt
rs9296249,T,C,0.4950,alt
rs9299,C,T,0.4900,ref
rs9302752,T,C,0.2326,alt
rs9304742,T,C,0.31310,alt
rs9307551,A,C,0.4369,ref
rs930847,G,T,0.2159,ref
rs9308731,G,A,0.4136,ref
rs9309245,C,G,0.2093,alt
rs9314614,C,G,0.3688,ref
rs9316871,A,G,0.4518,alt
rs9322335,T,C,0.4635,ref
rs9332131,A,-,0,alt
rs9341296,C,T,0,alt
rs9344996,T,C,0.4003,alt
rs9349379,A,G,0.3256,ref
rs9350504,T,C,0.3355,alt
rs9355610,G,A,0.4701,ref
rs9356744,T,C,0.3654,alt
rs9357155,G,A,0.1495,alt
rs9357271,T,C,0.1163,ref
rs9368677,G,A,0.2309,alt
rs9373594,T,C,,
rs9387478,C,A,0.4884,ref
rs9394159,A,T,0.4751,ref
rs940187,T,C,0.02492,ref
rs9405098,G,A,0.2276,alt
rs941764,A,G,0.1395,alt
rs9420907,C,A,0.01993,ref
rs943080,C,T,0.2625,ref
rs944289,C,T,0.4618,alt
rs9466056,A,G,0.3804,ref
rs9468925,G,A,0.3272,alt
rs9469099,G,A,0.1545,alt
rs9470794,T,C,0.3272,alt
rs9473924,G,T,0.2857,alt
rs9479482,T,C,0.2243,alt
rs9485372,G,A,0.3904,alt
rs949441,G,A,0.2027,alt
rs9500927,G,A,0.2492,alt
rs9502570,C,T,0.4817,alt
rs9505118,A,G,0.4219,alt
rs9510787,A,G,0.3405,alt
rs9510902,G,A,0.4967,alt
rs951896,G,C,0,alt
rs9533095,G,T,0.08472,alt
rs9533634,T,C,0.2226,alt
rs9561778,G,T,0.3173,alt
rs9564692,C,T,0.2857,ref
rs9568867,G,A,0.2608,alt
rs9600079,G,T,0.4601,alt
rs96067,G,A,0.4884,ref
rs961253,C,A,0.06977,alt
rs9632884,G,C,0.2924,ref
rs9633553,T,G,0.2542,alt
rs963468,G,A,0.3887,alt
rs964184,G,C,0.2209,ref
rs965513,A,G,0.1346,ref
rs966423,C,T,0.2043,alt
rs9693444,A,C,0.2940,ref
rs972283,A,G,0.3189,ref
rs974484,G,A,0.3439,ref
rs974819,T,C,0.3953,alt
rs9792269,A,G,0.11210,alt
rs9808753,A,G,0.4252,alt
rs9810888,T,G,0.4203,alt
rs9815073,C,A,0.1711,alt
rs9818941,G,A,0.40610,alt
rs9825379,G,A,0.1678,alt
rs9828933,T,C,0.2857,alt
rs9834970,T,C,0.4551,ref
rs9841504,C,G,0.1346,alt
rs9851967,C,T,0.2874,alt
rs9854612,G,A,0.4568,alt
rs9870933,A,G,0.4850,ref
rs987525,C,A,0.08970,alt
rs987870,A,G,0.09136,alt
rs9880772,G,A,0.1977,ref
rs9883177,T,C,0.3738,alt
rs9888739,C,T,0.02658,alt
rs9904341,G,C,0.4784,ref
rs9907432,G,A,0.006645,alt
rs9921222,C,T,0.1395,alt
rs9922235,G,C,0.2924,alt
rs9923231,C,T,0.10710,ref
rs9925231,T,C,0.1960,ref
rs9929218,G,A,0.2425,alt
rs9937,A,G,0.3455,alt
rs9938149,C,A,0.07143,ref
rs9939609,T,A,0.1478,alt
rs995322,A,G,0.4452,ref
rs9960767,A,C,0.001661,alt
rs999556,A,G,0.2409,ref
